{
  "best_per_class_thresholds": [
    0.45,
    0.49,
    0.51,
    0.56,
    0.56,
    0.5700000000000001,
    0.65,
    0.53,
    0.0,
    0.4,
    0.0,
    0.56,
    0.53,
    0.54,
    0.33
  ],
  "best_per_class_f1s": [
    0.17625614201933745,
    0.03998640688717716,
    0.06337121424172872,
    0.033545599272231066,
    0.18153117600631413,
    0.03174136664217487,
    0.03811659192825112,
    0.0027842227378190253,
    0.2819698173153296,
    0.09124007060900265,
    0.7363808967430991,
    0.10102834908282379,
    0.04956726986624705,
    0.021501686967461544,
    0.06372169120812882
  ],
  "best_global_threshold": 0.5700000000000001,
  "best_global_micro_f1": 0.21356819007010325,
  "ap_per_class": [
    0.10566449242826091,
    0.016687787257788085,
    0.02519469510358925,
    0.012062825519619168,
    0.09880562736577891,
    0.0156110746933901,
    0.018075069523360826,
    0.0016063814406268972,
    0.1583103233241534,
    0.04469495707187047,
    0.6269542450090152,
    0.057280870225546586,
    0.02546707220856726,
    0.009185658180428762,
    0.03353673991224677
  ],
  "auroc_per_class": [
    0.5526254971228736,
    0.42740774400066317,
    0.3922239845264389,
    0.35147454338729944,
    0.4945066589089767,
    0.49203841653415403,
    0.5371825312366905,
    0.5701642738608164,
    0.4863584211992086,
    0.47798448153774714,
    0.5474561810981661,
    0.5212354701743797,
    0.5144136701326671,
    0.4274885263508575,
    0.528747498716942
  ]
}