{
  "best_per_class_thresholds": [
    0.53,
    0.44,
    0.59,
    0.44,
    0.43,
    0.44,
    0.52,
    0.51,
    0.0,
    0.0,
    0.0,
    0.0,
    0.0,
    0.0,
    0.54
  ],
  "best_per_class_f1s": [
    0.167840313443109,
    0.0527363184079602,
    0.0633747620647184,
    0.07445285334424218,
    0.1862808271337356,
    0.031275245239469125,
    0.029105341491648753,
    0.0022179419833070683,
    0.2819698173153296,
    0.09122497380177597,
    0.7363808967430991,
    0.10002744990392534,
    0.048604454468564984,
    0.02149554081865996,
    0.06177329914733767
  ],
  "best_global_threshold": 0.0,
  "best_global_micro_f1": 0.14896166134185304,
  "ap_per_class": [
    0.08661519140180356,
    0.025413550757195695,
    0.025401741346213248,
    0.037091856789278475,
    0.10658784820000276,
    0.016191078932366414,
    0.014485769461979162,
    0.0013133164717452363,
    0.13691356842113914,
    0.04455503305393831,
    0.5413393521575364,
    0.049873305343957855,
    0.025152214342798532,
    0.010101221377874866,
    0.029441333741584225
  ],
  "auroc_per_class": [
    0.4789336700567118,
    0.5438026419426232,
    0.3980504782287991,
    0.7115957553877259,
    0.5161296522023938,
    0.5068395832172508,
    0.4773402724059489,
    0.5628868961527336,
    0.4317139006606008,
    0.47484636346630704,
    0.4449065660089596,
    0.47397429346399156,
    0.4966181778629294,
    0.4608924771148558,
    0.49031511862831567
  ]
}